{
  "info": {
    "name": "User API",
    "_postman_id": "12345678-aaaa-bbbb-cccc-1234567890ab",
    "description": "Коллекция для тестирования CRUD операций User API",
    "schema": "https://schema.getpostman.com/json/collection/v2.1.0/collection.json"
  },
  "item": [
    {
      "name": "Health Check",
      "request": {
        "method": "GET",
        "header": [],
        "url": {
          "raw": "http://127.0.0.1:8000/health",
          "protocol": "http",
          "host": ["127.0.0.1"],
          "port": "8000",
          "path": ["health"]
        }
      }
    },
    {
      "name": "Create User",
      "request": {
        "method": "POST",
        "header": [
          { "key": "Content-Type", "value": "application/json" }
        ],
        "body": {
          "mode": "raw",
          "raw": "{\n  \"Login\": \"example_user\",\n  \"PassHash\": \"e3afed0047b08059d0fada10f400c1e5f0e2b2c9f8c1d6d3dfcc5a2e5e49f8d3\"\n}"
        },
        "url": {
          "raw": "http://127.0.0.1:8000/user",
          "protocol": "http",
          "host": ["127.0.0.1"],
          "port": "8000",
          "path": ["user"]
        }
      }
    },
    {
      "name": "Get User by Id",
      "request": {
        "method": "GET",
        "url": {
          "raw": "http://127.0.0.1:8000/user/1",
          "protocol": "http",
          "host": ["127.0.0.1"],
          "port": "8000",
          "path": ["user", "1"]
        }
      }
    },
    {
      "name": "Update User",
      "request": {
        "method": "PUT",
        "header": [
          { "key": "Content-Type", "value": "application/json" }
        ],
        "body": {
          "mode": "raw",
          "raw": "{\n  \"Login\": \"updated_user\"\n}"
        },
        "url": {
          "raw": "http://127.0.0.1:8000/user/1",
          "protocol": "http",
          "host": ["127.0.0.1"],
          "port": "8000",
          "path": ["user", "1"]
        }
      }
    },
    {
      "name": "Delete User",
      "request": {
        "method": "DELETE",
        "url": {
          "raw": "http://127.0.0.1:8000/user/1",
          "protocol": "http",
          "host": ["127.0.0.1"],
          "port": "8000",
          "path": ["user", "1"]
        }
      }
    }
  ]
}
